Sequence_ID,Pos_1,Pos_2,Pos_3,Pos_4,Pos_5
dataset_1_seq_1_CCPP,52,32,72,77,76
dataset_1_seq_2_CPCP,82,94,93,62,67
dataset_1_seq_3_CPPC,11,84,88,86,58
dataset_1_seq_4_PCCP,73,79,27,35,33
dataset_1_seq_5_PCPC,38,31,42,45,1
dataset_1_seq_6_PPCC,40,43,47,50,23
dataset_1_seq_7_CCPP,21,85,66,64,69
dataset_1_seq_8_CPCP,0,89,81,9,8
dataset_1_seq_9_CPPC,4,55,53,51,18
dataset_1_seq_10_PCCP,60,65,99,7,3
dataset_1_seq_11_PCPC,12,19,92,98,2
dataset_1_seq_12_PPCC,80,83,87,48,5
dataset_1_seq_13_CCPP,68,41,25,22,20
dataset_1_seq_14_CPCP,75,46,44,13,10
dataset_1_seq_15_CPPC,34,54,57,56,6
dataset_1_seq_16_PCCP,49,40,95,63,61
dataset_1_seq_17_PCPC,59,52,71,74,30
dataset_1_seq_18_PPCC,26,24,28,17,39
dataset_1_seq_19_CCPP,91,78,14,15,16
dataset_1_seq_20_PPCC,97,90,96,36,29
dataset_2_seq_1_CCPP,24,49,17,19,13
dataset_2_seq_2_CPCP,15,7,8,28,20
dataset_2_seq_3_CPPC,65,55,56,50,94
dataset_2_seq_4_PCCP,37,35,78,40,46
dataset_2_seq_5_PCPC,10,14,75,79,3
dataset_2_seq_6_PPCC,60,63,67,5,26
dataset_2_seq_7_CCPP,2,89,99,95,96
dataset_2_seq_8_CPCP,76,85,88,69,64
dataset_2_seq_9_CPPC,42,82,83,86,25
dataset_2_seq_10_PCCP,81,84,23,48,44
dataset_2_seq_11_PCPC,43,47,30,34,93
dataset_2_seq_12_PPCC,98,97,91,27,1
dataset_2_seq_13_CCPP,4,62,9,6,0
dataset_2_seq_14_CPCP,52,74,77,41,45
dataset_2_seq_15_CPPC,73,31,39,32,18
dataset_2_seq_16_PCCP,92,90,66,58,53
dataset_2_seq_17_PCPC,21,22,68,61,36
dataset_2_seq_18_PPCC,87,80,81,12,54
dataset_2_seq_19_CCPP,57,16,72,70,71
dataset_2_seq_20_PPCC,33,38,37,11,51
dataset_3_seq_1_CCPP,45,78,40,47,41
dataset_3_seq_2_CPCP,1,61,65,90,96
dataset_3_seq_3_CPPC,38,7,8,0,85
dataset_3_seq_4_PCCP,21,20,64,59,53
dataset_3_seq_5_PCPC,98,91,66,67,13
dataset_3_seq_6_PPCC,51,55,58,74,35
dataset_3_seq_7_CCPP,16,77,87,86,88
dataset_3_seq_8_CPCP,69,30,32,12,19
dataset_3_seq_9_CPPC,93,25,28,24,6
dataset_3_seq_10_PCCP,9,5,97,42,49
dataset_3_seq_11_PCPC,81,82,72,73,92
dataset_3_seq_12_PPCC,84,83,89,3,99
dataset_3_seq_13_CCPP,17,34,95,94,98
dataset_3_seq_14_CPCP,71,33,31,2,4
dataset_3_seq_15_CPPC,75,68,60,62,76
dataset_3_seq_16_PCCP,43,48,79,52,56
dataset_3_seq_17_PCPC,22,27,70,71,50
dataset_3_seq_18_PPCC,39,36,37,44,11
dataset_3_seq_19_CCPP,63,23,15,14,18
dataset_3_seq_20_PPCC,54,57,51,26,46
dataset_4_seq_1_CCPP,17,54,64,60,61
dataset_4_seq_2_CPCP,63,53,51,26,20
dataset_4_seq_3_CPPC,38,74,70,71,36
dataset_4_seq_4_PCCP,5,1,52,98,99
dataset_4_seq_5_PCPC,0,7,83,82,47
dataset_4_seq_6_PPCC,75,73,79,19,41
dataset_4_seq_7_CCPP,62,13,22,29,23
dataset_4_seq_8_CPCP,96,33,34,8,2
dataset_4_seq_9_CPPC,77,67,69,68,97
dataset_4_seq_10_PCCP,58,56,46,16,11
dataset_4_seq_11_PCPC,24,21,44,40,39
dataset_4_seq_12_PPCC,86,88,87,42,93
dataset_4_seq_13_CCPP,55,81,12,18,10
dataset_4_seq_14_CPCP,27,65,66,4,3
dataset_4_seq_15_CPPC,43,80,84,85,95
dataset_4_seq_16_PCCP,89,86,32,72,78
dataset_4_seq_17_PCPC,49,45,90,91,31
dataset_4_seq_18_PPCC,15,14,17,30,25
dataset_4_seq_19_CCPP,92,6,48,43,49
dataset_4_seq_20_PPCC,35,37,38,9,57
dataset_5_seq_1_CCPP,25,44,76,77,78
dataset_5_seq_2_CPCP,48,80,89,43,45
dataset_5_seq_3_CPPC,16,20,23,28,5
dataset_5_seq_4_PCCP,24,22,87,98,91
dataset_5_seq_5_PCPC,1,7,84,85,30
dataset_5_seq_6_PPCC,83,82,86,55,49
dataset_5_seq_7_CCPP,96,50,47,42,40
dataset_5_seq_8_CPCP,75,2,9,12,19
dataset_5_seq_9_CPPC,53,92,90,93,32
dataset_5_seq_10_PCCP,88,81,57,26,29
dataset_5_seq_11_PCPC,59,51,60,66,6
dataset_5_seq_12_PPCC,68,61,69,72,13
dataset_5_seq_13_CCPP,37,27,31,38,35
dataset_5_seq_14_CPCP,39,63,62,71,73
dataset_5_seq_15_CPPC,0,99,94,95,4
dataset_5_seq_16_PCCP,97,96,56,8,3
dataset_5_seq_17_PCPC,64,67,70,74,58
dataset_5_seq_18_PPCC,17,11,10,36,52
dataset_5_seq_19_CCPP,79,21,65,64,68
dataset_5_seq_20_PPCC,46,41,48,18,54
dataset_6_seq_1_CCPP,58,1,82,87,85
dataset_6_seq_2_CPCP,90,59,57,78,75
dataset_6_seq_3_CPPC,46,19,14,10,60
dataset_6_seq_4_PCCP,47,41,0,93,96
dataset_6_seq_5_PCPC,2,4,86,81,50
dataset_6_seq_6_PPCC,84,83,89,3,33
dataset_6_seq_7_CCPP,15,63,11,13,16
dataset_6_seq_8_CPCP,28,8,5,52,54
dataset_6_seq_9_CPPC,61,73,70,76,66
dataset_6_seq_10_PCCP,71,77,69,21,22
dataset_6_seq_11_PCPC,9,6,43,44,65
dataset_6_seq_12_PPCC,20,24,29,31,92
dataset_6_seq_13_CCPP,17,32,94,91,97
dataset_6_seq_14_CPCP,67,12,18,79,74
dataset_6_seq_15_CPPC,88,27,25,23,49
dataset_6_seq_16_PCCP,35,34,64,45,42
dataset_6_seq_17_PCPC,99,98,37,30,80
dataset_6_seq_18_PPCC,36,39,38,95,51
dataset_6_seq_19_CCPP,72,55,48,40,47
dataset_6_seq_20_PPCC,56,53,58,26,62
dataset_7_seq_1_CCPP,51,1,53,56,52
dataset_7_seq_2_CPCP,35,89,87,36,31
dataset_7_seq_3_CPPC,98,79,77,76,48
dataset_7_seq_4_PCCP,14,19,22,47,49
dataset_7_seq_5_PCPC,85,80,90,92,23
dataset_7_seq_6_PPCC,55,50,54,65,45
dataset_7_seq_7_CCPP,40,30,9,6,7
dataset_7_seq_8_CPCP,38,44,42,66,69
dataset_7_seq_9_CPPC,21,95,93,96,20
dataset_7_seq_10_PCCP,67,61,33,27,24
dataset_7_seq_11_PCPC,84,86,57,58,37
dataset_7_seq_12_PPCC,70,74,72,34,63
dataset_7_seq_13_CCPP,43,32,5,8,0
dataset_7_seq_14_CPCP,4,46,41,97,94
dataset_7_seq_15_CPPC,25,88,81,82,11
dataset_7_seq_16_PCCP,64,68,39,17,15
dataset_7_seq_17_PCPC,99,91,83,84,16
dataset_7_seq_18_PPCC,3,2,4,12,26
dataset_7_seq_19_CCPP,18,62,59,55,51
dataset_7_seq_20_PPCC,73,75,71,60,78
dataset_8_seq_1_CCPP,62,96,25,22,27
dataset_8_seq_2_CPCP,78,65,63,38,36
dataset_8_seq_3_CPPC,98,81,80,88,95
dataset_8_seq_4_PCCP,32,33,42,16,10
dataset_8_seq_5_PCPC,2,6,40,44,35
dataset_8_seq_6_PPCC,58,57,53,34,64
dataset_8_seq_7_CCPP,86,17,28,29,23
dataset_8_seq_8_CPCP,54,19,12,48,46
dataset_8_seq_9_CPPC,45,83,87,85,99
dataset_8_seq_10_PCCP,26,24,74,3,5
dataset_8_seq_11_PCPC,15,14,71,73,91
dataset_8_seq_12_PPCC,97,90,94,4,13
dataset_8_seq_13_CCPP,89,69,76,79,72
dataset_8_seq_14_CPCP,60,43,47,66,61
dataset_8_seq_15_CPPC,21,0,1,8,93
dataset_8_seq_16_PCCP,41,49,56,77,70
dataset_8_seq_17_PCPC,9,7,82,84,39
dataset_8_seq_18_PPCC,18,11,15,68,37
dataset_8_seq_19_CCPP,75,20,55,51,52
dataset_8_seq_20_PPCC,30,31,32,67,92
dataset_9_seq_1_CCPP,16,35,25,29,27
dataset_9_seq_2_CPCP,39,54,56,37,34
dataset_9_seq_3_CPPC,41,64,63,60,7
dataset_9_seq_4_PCCP,89,83,76,10,19
dataset_9_seq_5_PCPC,52,58,74,77,95
dataset_9_seq_6_PPCC,91,90,96,48,1
dataset_9_seq_7_CCPP,24,59,3,9,2
dataset_9_seq_8_CPCP,0,55,51,62,68
dataset_9_seq_9_CPPC,42,87,81,88,79
dataset_9_seq_10_PCCP,12,13,23,49,47
dataset_9_seq_11_PCPC,5,4,80,84,94
dataset_9_seq_12_PPCC,57,50,53,92,22
dataset_9_seq_13_CCPP,65,93,86,85,89
dataset_9_seq_14_CPCP,70,40,46,15,11
dataset_9_seq_15_CPPC,36,72,71,73,32
dataset_9_seq_16_PCCP,75,78,30,69,66
dataset_9_seq_17_PCPC,98,97,21,28,44
dataset_9_seq_18_PPCC,67,61,65,17,38
dataset_9_seq_19_CCPP,82,18,33,31,39
dataset_9_seq_20_PPCC,20,26,24,6,99
dataset_10_seq_1_CCPP,83,13,44,41,45
dataset_10_seq_2_CPCP,36,73,70,33,32
dataset_10_seq_3_CPPC,71,24,26,25,76
dataset_10_seq_4_PCCP,20,27,3,60,62
dataset_10_seq_5_PCPC,11,14,80,88,52
dataset_10_seq_6_PPCC,65,61,67,16,55
dataset_10_seq_7_CCPP,42,10,97,90,96
dataset_10_seq_8_CPCP,92,15,18,78,77
dataset_10_seq_9_CPPC,84,54,53,57,19
dataset_10_seq_10_PCCP,28,22,5,85,89
dataset_10_seq_11_PCPC,17,12,1,4,72
dataset_10_seq_12_PPCC,56,50,51,79,81
dataset_10_seq_13_CCPP,35,6,38,39,31
dataset_10_seq_14_CPCP,66,91,95,86,82
dataset_10_seq_15_CPPC,46,21,23,29,43
dataset_10_seq_16_PCCP,2,9,37,94,98
dataset_10_seq_17_PCPC,0,8,47,40,87
dataset_10_seq_18_PPCC,74,75,71,34,63
dataset_10_seq_19_CCPP,93,30,69,64,68
dataset_10_seq_20_PPCC,59,58,56,7,49
